Loan_ID,Customer_ID,Loan_Type,Loan_Amount,Interest_Rate,Loan_Status
1,11118,Car,4805620,5.18,Approved
2,13709,Personal,381743,6.29,Approved
3,11761,Home,4484274,6.32,Approved
4,10809,Home,3646836,11.2,Approved
5,13506,Home,9986368,5.5,Rejected
6,12916,Car,2022528,6.74,Pending
7,11101,Education,1136062,11.47,Approved
8,12275,Home,9301287,10.48,Approved
9,13273,Personal,4078187,9.71,Approved
10,10498,Car,8825442,7.71,Rejected
11,12145,Car,572898,11.74,Rejected
12,13912,Personal,1492486,6.96,Rejected
13,14175,Education,4539261,6.35,Pending
14,14321,Car,848997,10.12,Pending
15,14328,Car,4900710,8.36,Approved
16,12343,Home,6438526,7.72,Pending
17,12692,Car,2833575,8.14,Approved
18,12679,Car,4458189,6.11,Rejected
19,10734,Education,9906429,11.67,Pending
20,13451,Education,3485685,11.05,Pending
21,11559,Education,3210287,9.22,Rejected
22,12682,Education,980096,9.77,Rejected
23,13752,Education,9209276,10.78,Rejected
24,14740,Education,8915652,9.05,Approved
25,12258,Home,9280909,10.18,Approved
26,11605,Home,1494111,8.14,Rejected
27,10250,Education,922294,8.16,Pending
28,14203,Education,7357689,11.24,Rejected
29,11349,Personal,3981369,5.96,Rejected
30,14864,Car,3836849,6.6,Pending
31,13373,Education,2709359,6.32,Rejected
32,13794,Home,2421311,11.42,Pending
33,13620,Personal,5402372,11.68,Pending
34,10670,Home,5441356,8.4,Pending
35,14513,Car,862132,10.45,Pending
36,10692,Home,9967812,11.19,Pending
37,10220,Car,9180924,10.76,Approved
38,14650,Car,4458135,5.36,Pending
39,11284,Home,5559545,10.53,Approved
40,13900,Home,4081044,10.3,Pending
41,10513,Home,481232,8.99,Pending
42,11701,Car,3855103,7.9,Pending
43,13898,Car,6330150,11.79,Approved
44,14582,Car,7292611,10.98,Approved
45,14473,Home,711523,5.47,Pending
46,11436,Car,1219919,6.22,Pending
47,13714,Car,8102592,6.2,Pending
48,10107,Car,1395455,6.8,Pending
49,14043,Car,2528814,6.97,Approved
50,11410,Car,392353,6.72,Rejected
51,11250,Personal,1742345,7.9,Pending
52,14007,Home,2950227,11.61,Pending
53,14687,Education,5388711,7.36,Rejected
54,13874,Car,5018623,5.04,Pending
55,12361,Home,2068613,5.49,Pending
56,13176,Car,4421420,10.13,Rejected
57,14358,Personal,131700,9.47,Approved
58,10302,Personal,432254,7.04,Pending
59,11373,Education,4784292,8.08,Pending
60,14050,Personal,9971138,8.68,Rejected
61,12992,Personal,2067883,10.69,Pending
62,13273,Home,7549184,11.56,Pending
63,13853,Home,361418,6.31,Approved
64,10344,Personal,1782056,10.98,Rejected
65,11289,Car,2112438,7.58,Rejected
66,11641,Education,4964438,9.62,Approved
67,12413,Personal,9058601,11.01,Approved
68,14807,Education,1098927,5.31,Rejected
69,14669,Car,9012339,7.86,Rejected
70,12540,Personal,2856384,7.32,Pending
71,13650,Personal,2604474,9.1,Approved
72,10359,Education,6609621,7.15,Approved
73,10941,Education,4452950,5.12,Approved
74,13908,Home,1201465,10.63,Approved
75,12045,Education,2551147,10.73,Pending
76,10241,Home,184839,11.94,Pending
77,12933,Home,7894951,6.29,Pending
78,11352,Education,828352,6.09,Approved
79,13722,Personal,3177216,8.57,Rejected
80,13852,Home,916802,8.46,Rejected
81,14433,Car,1813242,7.32,Rejected
82,10730,Home,9374979,9.32,Rejected
83,12429,Car,8471845,6.65,Approved
84,12559,Education,1315961,6.68,Pending
85,13914,Education,9515613,6.39,Rejected
86,10481,Education,7213674,9.56,Approved
87,12345,Car,2919331,6.98,Pending
88,11823,Personal,6048753,7.31,Approved
89,13133,Personal,1877836,6.07,Approved
90,11880,Personal,2127285,11.75,Rejected
91,11143,Education,755024,6.81,Approved
92,10207,Personal,1067974,7.52,Pending
93,12205,Personal,9593063,7.06,Approved
94,14437,Car,7378452,6.9,Approved
95,11404,Education,2856254,10.44,Rejected
96,13747,Education,4192720,6.24,Rejected
97,14999,Car,6661426,5.34,Approved
98,12443,Personal,2950534,7.42,Approved
99,14068,Home,2048812,11,Rejected
100,12106,Car,581011,5.04,Approved
101,14947,Home,7271237,11.63,Pending
102,10745,Education,6501220,10.63,Pending
103,12612,Education,950360,10.23,Pending
104,10130,Education,4963940,6.4,Pending
105,13957,Personal,6553606,7.08,Rejected
106,13721,Car,4496784,6.1,Approved
107,13747,Home,6324171,8.88,Rejected
108,12449,Education,7658071,11.97,Rejected
109,11010,Car,1972121,8.12,Rejected
110,13699,Car,8112497,10.01,Rejected
111,11081,Car,8919934,6.09,Approved
112,12879,Personal,5439832,8.61,Approved
113,11502,Home,6400832,9.23,Pending
114,14664,Education,1559454,9.79,Pending
115,10160,Education,56393,8.45,Rejected
116,11069,Home,1092197,9.81,Pending
117,13245,Car,1011207,11.55,Pending
118,11564,Education,7917064,10.48,Approved
119,12263,Home,9662868,5.83,Approved
120,13746,Personal,5380678,7.4,Approved
121,11436,Personal,9189814,11.34,Rejected
122,14194,Personal,7869331,5.13,Rejected
123,13999,Car,2680619,6.1,Pending
124,12492,Home,738496,7.67,Pending
125,12243,Personal,2653358,9.32,Rejected
126,14595,Personal,227920,10.02,Rejected
127,13343,Home,8350890,9.32,Approved
128,13726,Education,4784776,8.43,Rejected
129,13018,Home,5224930,9.47,Rejected
130,14019,Personal,5965941,11.11,Pending
131,12571,Car,9930465,7.75,Pending
132,10596,Education,158708,7.34,Rejected
133,11244,Education,9365391,11.07,Pending
134,14562,Home,8752434,8.83,Rejected
135,11978,Education,2071237,9.74,Approved
136,12197,Car,3782530,7.58,Rejected
137,10359,Personal,7318577,6.08,Rejected
138,14101,Home,4535925,10.67,Rejected
139,14809,Home,3705342,9.9,Approved
140,10961,Education,5926337,5.25,Pending
141,13640,Home,4100714,7.65,Rejected
142,10732,Education,2076373,7.28,Approved
143,10963,Personal,8290917,9.73,Approved
144,13322,Personal,5370672,11.26,Pending
145,10762,Car,6081483,6.88,Pending
146,14886,Education,3321473,7.39,Approved
147,14391,Car,3423498,7.72,Rejected
148,12740,Car,3672200,7.57,Rejected
149,14884,Education,6727711,11.91,Rejected
150,12135,Home,7934003,11.5,Approved
151,13038,Home,7350289,11.35,Approved
152,13662,Home,2358261,5.97,Pending
153,14042,Personal,3524750,7.32,Approved
154,11061,Personal,2868971,9.63,Pending
155,14714,Home,155799,9.88,Approved
156,13860,Education,6277004,8.8,Rejected
157,12740,Car,5545192,9.93,Approved
158,14437,Home,7711025,10.88,Rejected
159,14462,Personal,1128981,10.33,Pending
160,10486,Home,100075,6.3,Pending
161,14758,Home,1372294,8.01,Pending
162,11174,Car,4180072,5.76,Pending
163,14835,Education,1600721,6.06,Approved
164,14275,Home,502420,5.98,Pending
165,13641,Education,2149292,5.9,Pending
166,13344,Home,4623236,11.93,Rejected
167,14249,Home,4129406,9.44,Approved
168,13797,Home,4255978,5.96,Pending
169,13177,Car,9550612,9.93,Pending
170,14334,Home,72621,9.01,Pending
171,12989,Education,1594877,8.41,Pending
172,10129,Personal,3701571,10.9,Rejected
173,13811,Personal,7029279,10.97,Rejected
174,11353,Personal,7801546,7.67,Approved
175,14859,Personal,4185525,9.71,Pending
176,10037,Education,4249221,9.96,Pending
177,14003,Home,9682161,5.91,Approved
178,11403,Car,485838,11.54,Pending
179,11711,Car,2019848,7.52,Rejected
180,11085,Car,5652164,10.97,Rejected
181,13178,Education,7408199,8.53,Pending
182,11620,Education,1855771,8.92,Approved
183,13678,Home,5298557,7.42,Rejected
184,10718,Personal,4870487,5.87,Rejected
185,11607,Education,9054612,11.39,Pending
186,11439,Home,9970578,11.02,Approved
187,12245,Personal,4020438,6.92,Pending
188,10748,Home,1216697,11.61,Pending
189,12627,Education,2378934,7.97,Pending
190,14767,Car,6909298,9.2,Approved
191,12157,Personal,9990522,10.56,Pending
192,14762,Car,5779457,6.14,Approved
193,10772,Personal,5745098,8.37,Pending
194,11882,Home,2448671,7.3,Pending
195,10505,Education,64042,10.04,Pending
196,14490,Personal,3063482,6.19,Rejected
197,13764,Car,3636198,6.21,Rejected
198,13141,Personal,570446,6.8,Approved
199,12032,Education,1752849,7.54,Rejected
200,14183,Education,3378715,10.46,Approved
201,10681,Personal,1021978,6.88,Rejected
202,14875,Personal,2629089,9.69,Approved
203,14726,Car,3145546,6.78,Rejected
204,10886,Car,7589509,8.37,Approved
205,12701,Education,2717108,9.97,Pending
206,11131,Personal,3979213,9.97,Pending
207,10016,Home,652344,9.52,Approved
208,10093,Education,4350379,9.82,Approved
209,11463,Car,2647096,5.43,Rejected
210,14416,Education,8087842,10.13,Rejected
211,14232,Personal,5600641,6.02,Rejected
212,10395,Education,8654286,11.63,Approved
213,14543,Home,4494446,6.62,Pending
214,11766,Personal,8651199,11.29,Approved
215,12846,Home,268782,10.88,Approved
216,14746,Education,6572357,5.63,Pending
217,13198,Home,7137607,5.6,Rejected
218,12694,Education,3304912,11.31,Approved
219,14726,Education,8113556,6.96,Pending
220,12725,Personal,9353725,9.6,Pending
221,11430,Home,4857081,8.81,Approved
222,13839,Education,9420890,9.01,Pending
223,11776,Personal,9950088,8.25,Approved
224,13670,Car,3910516,8.23,Rejected
225,14211,Car,8024175,5.29,Pending
226,13442,Car,3922505,7.05,Approved
227,10228,Home,3120431,8.01,Pending
228,13815,Education,9959388,10.65,Pending
229,11239,Personal,2255639,10.65,Pending
230,11347,Home,525723,10.96,Rejected
231,13925,Car,9174405,5.33,Rejected
232,10557,Personal,5117209,9.66,Rejected
233,12921,Personal,2813306,10.23,Approved
234,10964,Personal,7347642,10.25,Rejected
235,10913,Personal,3430472,11.81,Rejected
236,11764,Car,4946355,7.41,Approved
237,10648,Home,6408516,11.24,Approved
238,13915,Personal,5980269,6.85,Pending
239,10132,Home,8365978,7.31,Approved
240,10553,Home,5057375,9.11,Rejected
241,12234,Education,162188,9.94,Approved
242,10897,Personal,9454126,6.23,Pending
243,12551,Education,2750370,6.6,Rejected
244,14202,Personal,9159712,7.66,Approved
245,12360,Home,2547888,7.97,Rejected
246,11340,Car,701645,10.23,Rejected
247,10092,Home,841592,5.59,Rejected
248,10348,Personal,793138,5.87,Rejected
249,12229,Personal,9207804,10.64,Approved
250,12748,Home,5029075,9.32,Approved
251,12982,Education,3540346,10.44,Approved
252,11065,Education,608002,7.65,Approved
253,10841,Home,293044,10.87,Pending
254,14338,Personal,8335072,6.36,Approved
255,12447,Education,150975,7.68,Rejected
256,12860,Personal,716274,6.1,Rejected
257,10690,Home,9785490,7.56,Approved
258,13097,Car,3382014,5.61,Rejected
259,13831,Car,3866595,11.2,Pending
260,10003,Car,3352618,6.9,Pending
261,14362,Car,428038,10.51,Approved
262,11337,Personal,1007998,9.52,Approved
263,11303,Personal,4339389,10.09,Pending
264,12831,Car,488905,8.35,Approved
265,10093,Personal,2295363,8.5,Rejected
266,13683,Home,3675998,10.15,Rejected
267,11789,Home,6766491,6.63,Rejected
268,13667,Home,9830133,7.57,Approved
269,10988,Personal,1358753,6.55,Rejected
270,10968,Car,6964011,11.7,Rejected
271,10627,Car,560544,9.71,Rejected
272,10575,Personal,882121,11.25,Approved
273,12943,Home,8263095,9.93,Rejected
274,10811,Education,1450997,11.99,Pending
275,12679,Car,3180212,10.19,Rejected
276,12831,Personal,234932,9.58,Pending
277,11654,Home,8407660,6.45,Approved
278,13208,Personal,8515887,10.53,Pending
279,12067,Personal,327635,9.37,Approved
280,12510,Education,5969580,10.95,Rejected
281,14600,Home,2734674,11.01,Pending
282,13149,Home,9498083,8.2,Approved
283,11263,Home,6991185,5.95,Pending
284,13625,Personal,4393143,11.55,Rejected
285,12028,Education,4870597,7.94,Pending
286,12362,Education,5821455,6.76,Approved
287,12900,Personal,2273429,6.74,Approved
288,12313,Car,5893832,6.65,Approved
289,13887,Home,3109453,9.77,Pending
290,11847,Personal,2278813,9.28,Pending
291,10511,Education,530527,6.03,Pending
292,11407,Personal,5298450,8.48,Rejected
293,14160,Education,9125435,7.91,Pending
294,11012,Education,578797,5.18,Rejected
295,12324,Car,4826535,10.05,Rejected
296,10473,Education,1813425,9.53,Pending
297,12354,Education,7653834,10.26,Approved
298,11164,Car,298570,8.19,Rejected
299,14238,Education,4273479,9.59,Pending
300,14007,Car,6675647,7.35,Approved
301,12492,Education,624831,5.94,Pending
302,14324,Personal,7348600,11.9,Pending
303,12328,Education,5759661,5.13,Rejected
304,14290,Home,7431815,6.3,Rejected
305,10397,Personal,3413602,6.52,Rejected
306,14563,Education,9898936,9.29,Rejected
307,13145,Home,214147,10.53,Approved
308,11639,Education,958874,6.55,Rejected
309,13102,Home,754614,7.71,Approved
310,12741,Home,3959719,7.92,Rejected
311,12092,Personal,3735568,11.5,Rejected
312,10700,Home,5557433,7.55,Rejected
313,10100,Home,2231872,8.51,Approved
314,12236,Education,4141793,8.29,Rejected
315,10744,Personal,225227,6.4,Pending
316,11148,Home,251923,10.57,Rejected
317,13151,Home,6343774,10.69,Pending
318,12110,Car,7884532,9.34,Approved
319,10964,Personal,4206416,6.05,Approved
320,10390,Personal,8565516,6.89,Rejected
321,11943,Home,6258796,9.04,Rejected
322,13620,Education,4474313,5.82,Pending
323,14984,Car,6784200,9.53,Pending
324,13771,Home,3194001,10.34,Approved
325,14114,Home,9772431,11.63,Approved
326,12622,Home,6328487,8.2,Approved
327,10142,Education,7707882,11.97,Approved
328,12338,Car,404550,10.68,Rejected
329,14382,Personal,1537612,7.91,Pending
330,13009,Car,7555638,6.61,Rejected
331,12975,Home,65026,11.49,Rejected
332,14693,Car,7456544,11.79,Pending
333,10996,Home,254270,11.9,Pending
334,12558,Personal,8168039,6.15,Pending
335,14632,Home,9042058,8.03,Pending
336,11946,Home,9866365,8.55,Pending
337,12666,Home,6900067,7.45,Approved
338,13238,Car,7738922,8.19,Pending
339,13725,Education,3305322,10.26,Approved
340,13275,Personal,6228702,10.87,Pending
341,14425,Education,4364845,8.63,Pending
342,12315,Home,991851,5.63,Pending
343,12856,Car,5186021,8.96,Approved
344,12245,Car,1989508,9.03,Approved
345,10072,Education,69645,7.9,Approved
346,13197,Personal,2397179,8.59,Rejected
347,12883,Personal,7205754,10.31,Approved
348,11800,Personal,6453588,9.21,Approved
349,13871,Car,869541,10.32,Approved
350,14034,Home,4317953,7.66,Approved
351,11718,Car,3989358,9.56,Pending
352,11160,Car,4999975,5.49,Pending
353,14636,Car,178928,7.39,Rejected
354,14968,Car,2711073,11.54,Pending
355,10717,Car,7704667,11.78,Rejected
356,14433,Car,8985839,6.81,Pending
357,14337,Home,6375371,5.56,Pending
358,11186,Home,2807455,8,Pending
359,12812,Home,2008917,11.31,Pending
360,12304,Car,3569480,7.42,Rejected
361,13162,Home,5594097,8.12,Rejected
362,12358,Education,960945,9.77,Pending
363,14797,Education,573994,8.58,Rejected
364,11961,Personal,2992935,7.17,Pending
365,13965,Personal,9604000,7.71,Pending
366,10121,Personal,4769730,5.23,Rejected
367,13856,Car,411848,6.36,Approved
368,13516,Car,5062059,6.84,Approved
369,10310,Home,1489912,5.29,Approved
370,13931,Home,3423062,5.53,Approved
371,14886,Home,4568116,7.29,Approved
372,11558,Car,8616437,6.68,Approved
373,14988,Home,4177182,9.89,Rejected
374,11380,Education,646388,6.65,Approved
375,11377,Car,5751182,6.24,Rejected
376,11919,Personal,6509825,9.73,Rejected
377,12330,Home,371813,11.26,Rejected
378,10399,Car,1815458,11.98,Approved
379,14515,Education,966009,11.83,Rejected
380,11546,Home,6325999,8.09,Rejected
381,14840,Education,6012165,11.53,Rejected
382,12270,Personal,3254145,6.6,Rejected
383,14705,Car,7630281,9.39,Pending
384,11739,Personal,8178064,5.55,Approved
385,10654,Home,7826616,6.89,Pending
386,12664,Personal,8787462,8.7,Pending
387,10893,Home,6510626,5.8,Rejected
388,10650,Home,8436101,11.34,Approved
389,12141,Personal,7965135,7.8,Rejected
390,14136,Personal,1486028,7.38,Approved
391,11990,Home,9289981,6.36,Rejected
392,14467,Car,3913511,6.82,Approved
393,10553,Car,7047658,7.38,Rejected
394,10388,Car,481076,11.85,Rejected
395,12309,Home,2148300,6.99,Approved
396,10359,Personal,1118676,7.3,Approved
397,12932,Home,1635346,9.84,Pending
398,13994,Personal,2084580,7.73,Approved
399,14537,Home,319459,9.39,Pending
400,12426,Personal,2904182,9.41,Rejected
401,10185,Education,7360149,6.85,Pending
402,13873,Education,2218103,10.79,Pending
403,10243,Personal,8313748,11.81,Rejected
404,10192,Education,6018634,10.59,Approved
405,13520,Education,2591149,8.93,Rejected
406,14270,Home,278776,10.11,Pending
407,11278,Car,7583318,8.49,Rejected
408,11546,Home,2750024,5.14,Approved
409,14117,Home,6469338,7.63,Pending
410,13154,Home,1926991,9.13,Pending
411,13145,Personal,4658890,6.36,Rejected
412,12911,Car,3075280,5.51,Rejected
413,12311,Personal,8833779,6.21,Approved
414,11045,Education,7288624,11.47,Rejected
415,11622,Personal,146020,5.67,Approved
416,11819,Personal,5642473,5.29,Rejected
417,13331,Education,8694325,9.94,Pending
418,11607,Home,888231,11.48,Approved
419,14852,Education,484215,6.96,Approved
420,12251,Home,3402093,6.08,Approved
421,11252,Personal,672720,8.16,Pending
422,14539,Home,6360432,8.57,Approved
423,14114,Car,256636,5.63,Rejected
424,10864,Car,1914672,11.52,Pending
425,10007,Education,5228485,9.82,Approved
426,12409,Education,748118,7.87,Approved
427,10888,Home,3199698,9.8,Rejected
428,10208,Home,8415468,7.08,Approved
429,12806,Car,6466015,7.96,Rejected
430,13000,Education,7451747,7.21,Approved
431,10246,Car,2078216,7.47,Approved
432,14651,Education,2311184,5.82,Approved
433,10821,Education,8949693,6.83,Rejected
434,14097,Home,3090840,7.05,Approved
435,13092,Home,1487098,7.36,Rejected
436,12655,Education,874684,8.67,Pending
437,10410,Personal,3439615,11.4,Rejected
438,10822,Education,1852576,5.3,Rejected
439,11144,Personal,6614099,10.95,Approved
440,10975,Home,8760293,6.84,Approved
441,13925,Education,3688296,7.82,Approved
442,13830,Personal,7540242,7.51,Rejected
443,14609,Home,4934497,6.61,Approved
444,12180,Car,7136380,7.86,Approved
445,13392,Personal,831001,7.45,Approved
446,14598,Car,8677946,7.86,Approved
447,13337,Car,56432,11.46,Approved
448,14419,Education,8940320,9.8,Approved
449,10133,Home,9902630,11.43,Rejected
450,12325,Education,3777539,9.85,Approved
451,11996,Car,1083313,11.62,Approved
452,14901,Car,1355969,8.2,Approved
453,11360,Home,5465419,7.7,Approved
454,10100,Home,4116242,8.95,Pending
455,14108,Car,5085376,5.51,Rejected
456,10454,Home,8171455,6.55,Pending
457,10507,Car,5956173,9.43,Rejected
458,10991,Car,736481,7.75,Rejected
459,11791,Education,6741231,8.95,Rejected
460,11607,Car,7619412,7.77,Approved
461,10457,Personal,617280,6.86,Pending
462,10795,Education,4005569,5.27,Approved
463,12384,Education,2280705,6.75,Rejected
464,13618,Personal,7621233,11.08,Rejected
465,10904,Education,1213740,9.61,Pending
466,10146,Personal,8901096,7.43,Approved
467,11805,Education,9865101,6.95,Rejected
468,11520,Personal,6163614,10.44,Pending
469,13847,Education,2886277,5.88,Pending
470,14588,Car,635552,10.41,Pending
471,11358,Personal,7645739,5.84,Approved
472,10862,Education,2370274,10.42,Pending
473,11217,Home,1482880,8.97,Pending
474,13029,Home,7211751,10.24,Rejected
475,11427,Home,7356517,11.15,Pending
476,13970,Education,589464,10.23,Pending
477,12153,Personal,8064988,6.94,Approved
478,14100,Personal,4560283,9.85,Approved
479,10378,Personal,2518309,10.05,Pending
480,10393,Personal,6485689,8.95,Approved
481,14737,Personal,2301039,6.98,Approved
482,13104,Car,5892481,5.14,Pending
483,14869,Car,2231137,10.16,Pending
484,12127,Personal,2556857,6.84,Pending
485,10076,Home,1331373,9.57,Approved
486,12170,Car,9301354,8.14,Rejected
487,13477,Car,7351122,6.41,Approved
488,13548,Personal,396199,6.15,Rejected
489,11965,Education,6399098,5.51,Rejected
490,13622,Car,1798046,10.54,Approved
491,11339,Car,5569095,7.61,Rejected
492,11840,Personal,5023884,8.35,Rejected
493,13017,Car,967030,9.7,Rejected
494,11051,Personal,330387,5.76,Pending
495,12824,Car,7035575,11.72,Rejected
496,13307,Car,421038,6.31,Pending
497,12472,Home,523592,8.42,Rejected
498,14930,Personal,9800591,10.66,Rejected
499,10605,Personal,1231061,6.98,Approved
500,10311,Home,5660410,6.77,Rejected
501,14491,Education,6014170,6.29,Approved
502,12674,Car,2350729,8.32,Rejected
503,14987,Home,4180025,9.87,Pending
504,12078,Education,6066048,6.64,Pending
505,12570,Education,4319035,10.07,Approved
506,12719,Home,3879055,11.56,Approved
507,11084,Personal,656516,9.54,Rejected
508,12950,Car,598913,7.49,Approved
509,10416,Car,6376867,7.56,Rejected
510,14789,Personal,6422435,8.23,Pending
511,10858,Car,4352187,5.7,Pending
512,11920,Car,484259,9.52,Pending
513,11848,Home,9951816,10.59,Rejected
514,10882,Home,1050643,11.53,Rejected
515,12066,Home,4433953,5.24,Rejected
516,13524,Car,862219,7.09,Approved
517,10844,Car,2073568,6.22,Pending
518,14892,Home,6783140,5.76,Pending
519,13654,Personal,4648076,8.66,Approved
520,13552,Home,2201976,10.91,Rejected
521,10634,Home,903790,9.81,Rejected
522,13699,Education,8688600,9.42,Pending
523,13754,Home,2039890,7.48,Approved
524,14375,Education,6441900,11.22,Rejected
525,12506,Home,298774,8.18,Approved
526,12052,Education,5405614,7.31,Approved
527,12121,Education,453611,5.07,Rejected
528,11173,Education,856764,11.73,Approved
529,10320,Car,453746,5.36,Approved
530,13789,Home,5356273,8.17,Rejected
531,10937,Education,4505261,10.4,Pending
532,11731,Home,8733104,7.82,Approved
533,13752,Education,4043926,5.07,Rejected
534,12289,Education,3402524,11.01,Approved
535,10297,Personal,1084019,9.06,Pending
536,10508,Home,1165119,10.11,Approved
537,10145,Home,2912211,10.87,Rejected
538,14497,Education,2798982,5.63,Rejected
539,11586,Home,2166123,7.67,Rejected
540,13364,Education,921204,11.99,Pending
541,14855,Personal,1161216,5.49,Pending
542,10256,Car,4334391,10.66,Pending
543,14079,Education,1937215,6.88,Rejected
544,12404,Car,571832,11.55,Rejected
545,12229,Home,4363190,8.26,Approved
546,12232,Car,1999975,5.35,Approved
547,13861,Home,9939065,8.48,Rejected
548,10922,Car,8898339,8.73,Approved
549,10263,Education,1404892,7.82,Rejected
550,12507,Education,932108,5.26,Approved
551,12256,Personal,7886959,11.08,Rejected
552,11803,Car,2120051,9.91,Approved
553,14861,Education,392149,6.98,Approved
554,12713,Car,302937,10.67,Approved
555,13730,Car,6706869,10.84,Approved
556,11320,Education,5331960,6.96,Rejected
557,12478,Education,433884,8.01,Rejected
558,10595,Personal,9989519,6.53,Pending
559,10322,Home,5742957,11.61,Rejected
560,10348,Car,4771702,11.47,Approved
561,11596,Personal,4221016,5.51,Rejected
562,13543,Home,8574789,9.41,Rejected
563,14437,Personal,1305587,5.51,Pending
564,14948,Personal,657402,6.8,Approved
565,11201,Car,1576122,8.27,Rejected
566,13059,Home,2878518,5.99,Rejected
567,13696,Car,2774328,10.47,Pending
568,12256,Education,6519860,5.77,Rejected
569,10493,Education,2353846,10.54,Pending
570,12096,Education,9933943,8.23,Approved
571,14591,Home,3062747,11.32,Rejected
572,11032,Personal,1843093,9.3,Approved
573,14938,Personal,4522053,7.81,Rejected
574,10257,Personal,6410740,11.53,Pending
575,12337,Education,3226389,11.1,Approved
576,14434,Personal,6594213,9.05,Rejected
577,12443,Home,4348595,11.62,Rejected
578,11014,Education,4393580,6.45,Rejected
579,12466,Car,938458,6.44,Pending
580,11688,Personal,1339543,10.69,Rejected
581,12331,Personal,4556099,9.86,Rejected
582,10368,Personal,9800081,10.46,Pending
583,12608,Personal,5861904,7.42,Approved
584,11758,Car,4168596,10.43,Pending
585,13627,Car,4933604,10.45,Pending
586,11944,Education,894148,5.15,Approved
587,10307,Home,1481110,6.74,Rejected
588,13386,Education,1073628,9.63,Rejected
589,10530,Car,2395699,9.58,Approved
590,12262,Personal,7731930,8.16,Pending
591,12743,Education,7284482,5.96,Approved
592,12110,Home,2412429,5.67,Rejected
593,11349,Car,2647466,5.01,Rejected
594,12257,Home,7649079,6.67,Approved
595,12778,Personal,376758,8.94,Approved
596,11743,Home,6241734,10.44,Approved
597,14057,Home,3406646,8.01,Rejected
598,11299,Personal,1596137,6.14,Approved
599,13824,Car,276147,5.96,Rejected
600,10327,Education,421439,7.65,Rejected
601,10771,Home,8947062,5.16,Approved
602,11221,Personal,522266,5.56,Rejected
603,13584,Education,556719,9.37,Approved
604,11223,Home,6702074,8.48,Rejected
605,14349,Home,486541,6.54,Pending
606,14026,Car,3391213,11.96,Pending
607,10813,Personal,4525097,10.95,Rejected
608,10729,Car,9708285,8.82,Pending
609,13548,Home,318739,9.81,Pending
610,11871,Home,5625476,7.3,Approved
611,14888,Education,5256451,11.06,Rejected
612,12218,Personal,1104655,5.39,Pending
613,10939,Home,8057575,7.25,Pending
614,14502,Personal,2928588,11.37,Rejected
615,10281,Car,2280601,5.55,Approved
616,13651,Education,500857,11.9,Rejected
617,13738,Car,4343032,10.54,Rejected
618,14480,Home,4215004,8.97,Approved
619,13410,Education,1887343,6.03,Rejected
620,11986,Home,6314771,10.96,Pending
621,14437,Education,2417566,5.8,Approved
622,10116,Education,3642582,9.42,Approved
623,11607,Home,4225384,11.7,Pending
624,12794,Car,5807900,11.82,Approved
625,12166,Car,5727841,6.95,Rejected
626,11463,Education,7506576,10.99,Approved
627,13984,Home,2937309,10.17,Approved
628,10385,Personal,8209105,6.44,Rejected
629,10152,Car,4448711,6.76,Pending
630,13308,Personal,4900224,7.8,Pending
631,11334,Car,381871,5.93,Pending
632,10162,Personal,6543014,10.47,Approved
633,12321,Education,684019,7.03,Rejected
634,13312,Education,8047359,8.66,Pending
635,10588,Home,4577404,5.1,Rejected
636,14183,Car,4416133,9.31,Pending
637,10013,Education,2491839,7.03,Approved
638,14584,Car,3683722,11.43,Rejected
639,11466,Education,3181135,5.72,Approved
640,13598,Home,7431765,7.57,Rejected
641,12816,Home,3280764,9.95,Pending
642,11011,Education,3345289,8.52,Rejected
643,10713,Education,9898339,8.52,Approved
644,11994,Home,9770018,5.26,Rejected
645,11415,Car,4480550,11.19,Approved
646,13071,Education,2934920,6.24,Approved
647,11606,Car,2216790,6.48,Pending
648,12438,Car,6672163,8.21,Approved
649,10139,Personal,150946,10.11,Rejected
650,11544,Home,9829392,7.9,Rejected
651,11949,Car,2710078,10.15,Rejected
652,11965,Education,6701534,5.67,Pending
653,12122,Personal,191016,9.85,Rejected
654,12766,Car,718059,8.21,Approved
655,11457,Education,109207,8.45,Rejected
656,14753,Home,1660504,8.77,Approved
657,10314,Personal,6593576,10.84,Pending
658,12416,Car,200138,7.67,Rejected
659,13144,Car,3463175,7.01,Pending
660,13303,Education,445441,9.33,Rejected
661,11647,Home,9279588,9.78,Pending
662,13317,Personal,4012393,5.96,Rejected
663,14012,Car,7502283,6.52,Approved
664,11279,Home,8939305,11.94,Approved
665,13785,Education,4998832,10.94,Rejected
666,14266,Car,3841838,11.27,Pending
667,10892,Car,4126076,10.8,Rejected
668,12194,Personal,1001342,8.16,Rejected
669,11029,Home,5723989,7.08,Approved
670,14348,Home,189344,8.12,Pending
671,10291,Personal,8413805,11.32,Approved
672,14639,Car,8674269,9.92,Rejected
673,12747,Personal,3618826,10.64,Pending
674,12540,Home,80930,8.03,Pending
675,13185,Personal,9518259,7.21,Approved
676,10806,Education,2229118,9.35,Pending
677,10043,Home,5725192,6.05,Pending
678,10799,Personal,869441,9.66,Approved
679,14935,Car,1792990,7.27,Approved
680,12073,Home,9720338,11.57,Pending
681,13350,Home,404568,6.55,Rejected
682,10570,Car,3631451,6.58,Pending
683,10288,Education,4965405,7.18,Rejected
684,14430,Personal,7907815,9.44,Pending
685,10017,Home,9929905,8.59,Pending
686,13848,Personal,922426,5.84,Pending
687,12227,Education,8766995,5.08,Rejected
688,14772,Car,1228989,9.79,Rejected
689,12540,Car,4628618,11.75,Rejected
690,10114,Personal,1448570,7.23,Rejected
691,10946,Home,9691327,7.08,Pending
692,10035,Car,171731,11.02,Rejected
693,10840,Education,6936299,11.48,Approved
694,13410,Personal,3042867,10.9,Rejected
695,11046,Personal,8753476,7.11,Approved
696,12660,Home,2229149,6.02,Pending
697,14050,Education,945152,10.13,Rejected
698,13518,Personal,8534741,8.31,Rejected
699,11027,Personal,3704401,11.49,Approved
700,13823,Personal,4065410,7.53,Approved
701,10389,Education,1537477,9.13,Approved
702,11055,Home,504009,9.4,Approved
703,10402,Home,3779492,5.1,Approved
704,12263,Home,5164531,6.84,Pending
705,11260,Education,1798196,5.63,Rejected
706,10254,Personal,4094580,6.75,Rejected
707,10476,Car,801146,5.57,Pending
708,11948,Personal,1535057,11.97,Pending
709,12957,Home,4099393,11.64,Approved
710,13765,Home,6258422,5.94,Rejected
711,12080,Education,346388,7.1,Approved
712,14955,Personal,9475198,9.56,Pending
713,14285,Car,215147,6.55,Rejected
714,12145,Home,3799827,11.47,Approved
715,11878,Personal,947006,10.3,Approved
716,12036,Car,3880819,10.37,Rejected
717,12663,Home,889271,11.84,Pending
718,14534,Personal,2597128,5.66,Approved
719,13695,Personal,6892292,9.18,Rejected
720,10319,Home,8853623,6.34,Rejected
721,10171,Home,1316715,6.83,Pending
722,14863,Education,6655605,10.13,Pending
723,13683,Home,3565756,9.21,Approved
724,10601,Car,171435,8.36,Rejected
725,10714,Personal,3091412,7.01,Rejected
726,12580,Personal,702176,10.13,Pending
727,10208,Home,3939274,10.58,Pending
728,10904,Car,3272935,9.1,Rejected
729,14726,Home,6578314,7.33,Approved
730,12531,Education,6540166,8.23,Pending
731,13071,Education,2734983,11.85,Approved
732,10310,Home,4866514,9.14,Approved
733,13817,Personal,5259152,9.76,Rejected
734,13652,Car,3979662,11.75,Rejected
735,13771,Car,3825757,11.31,Pending
736,12234,Personal,188061,9.14,Pending
737,11431,Car,4262518,8.53,Rejected
738,11648,Home,9680388,5.38,Rejected
739,10233,Car,9823874,9.93,Pending
740,14673,Personal,602020,11.91,Pending
741,11381,Personal,3164302,5.06,Approved
742,13270,Home,840981,5.89,Approved
743,11320,Education,7301672,10.79,Pending
744,14391,Education,3971742,11.99,Rejected
745,11592,Personal,987045,9.66,Pending
746,10060,Home,4719560,11.18,Pending
747,11128,Personal,805628,12,Pending
748,14968,Car,804529,5.74,Approved
749,13780,Education,6683618,11.19,Rejected
750,14876,Education,773061,6.08,Approved
751,14541,Home,9227703,9.71,Pending
752,13389,Personal,7207488,8.81,Rejected
753,11950,Car,2789449,9.89,Pending
754,10599,Car,9049206,10.16,Pending
755,11260,Car,216405,7.03,Rejected
756,11941,Car,123403,10.78,Approved
757,14746,Home,2974171,5.23,Pending
758,13371,Car,2305807,7.05,Rejected
759,13009,Personal,8445462,5.89,Approved
760,12853,Education,7389675,7.57,Rejected
761,10879,Education,2770983,5.77,Approved
762,10888,Car,374321,10.93,Rejected
763,12643,Personal,2085027,11.86,Approved
764,10160,Car,548327,11.28,Pending
765,12922,Home,990762,11.92,Rejected
766,13336,Education,8884435,9.15,Approved
767,12187,Personal,3808282,10.12,Rejected
768,11258,Education,9827060,9.22,Rejected
769,11230,Education,744131,9.99,Pending
770,13895,Personal,9478684,8.56,Pending
771,11504,Education,4154036,9.19,Approved
772,10168,Home,5520010,10.72,Rejected
773,14782,Home,8227966,8.7,Approved
774,14643,Home,4756950,7.24,Pending
775,11250,Home,585122,5.64,Approved
776,12492,Car,146594,7.12,Approved
777,10691,Car,6651723,10.11,Pending
778,10032,Education,8106209,5.83,Rejected
779,14463,Car,5879866,5.98,Pending
780,14691,Education,9503807,8.32,Pending
781,11962,Education,7463971,8.35,Rejected
782,11297,Home,3438013,5.45,Approved
783,10218,Home,1005153,10.47,Approved
784,11616,Home,754429,6.82,Approved
785,13406,Personal,1265966,5.51,Approved
786,14647,Home,7811738,7.53,Pending
787,14416,Home,7292833,9.85,Rejected
788,13590,Car,7722627,8.82,Pending
789,14498,Personal,3502265,8.24,Rejected
790,14082,Car,3333743,9.21,Pending
791,10826,Education,3118796,6.53,Pending
792,10481,Car,1178067,11.09,Approved
793,10139,Education,380886,6.91,Pending
794,14825,Home,4972738,10.12,Rejected
795,12598,Personal,3430639,11.45,Pending
796,11240,Education,3672795,11.42,Rejected
797,11400,Education,58206,11.88,Approved
798,14157,Home,1161763,9.5,Rejected
799,10828,Personal,2010102,5.65,Rejected
800,12904,Home,2445862,7.08,Rejected
801,12627,Car,986490,6.7,Pending
802,13215,Home,1324578,6.75,Pending
803,11978,Car,5563534,6.12,Approved
804,12445,Home,7577016,5.9,Rejected
805,14778,Education,1319295,7.56,Approved
806,14586,Personal,976200,5.4,Pending
807,10984,Personal,6349487,9.28,Approved
808,13596,Car,89160,11.74,Pending
809,11702,Home,157565,11.03,Approved
810,11297,Car,8850727,9.48,Rejected
811,10431,Car,6321850,9.9,Rejected
812,14862,Home,4936966,9.47,Approved
813,14844,Home,6901856,5.88,Approved
814,13586,Education,1369963,5.14,Approved
815,11968,Education,3712163,6.98,Approved
816,11629,Personal,273474,8.04,Pending
817,14033,Personal,3521885,5.73,Rejected
818,11447,Home,3660361,7.1,Rejected
819,10724,Education,4716490,9.31,Pending
820,12366,Home,5586968,10.75,Pending
821,11562,Home,3585333,6.68,Approved
822,10894,Car,5341709,9.16,Approved
823,11590,Education,3432375,6.11,Rejected
824,13672,Education,2167293,10.63,Pending
825,13703,Car,4764366,8.53,Rejected
826,11078,Personal,1401955,5.24,Rejected
827,13720,Car,9282694,9.84,Rejected
828,14501,Personal,4366023,8.68,Rejected
829,14979,Car,369123,5.27,Approved
830,10015,Home,300665,5.85,Approved
831,10163,Car,9680183,11.76,Pending
832,10066,Education,1440541,8.46,Rejected
833,13100,Home,3423665,11.72,Approved
834,10005,Car,9702717,8.27,Pending
835,12280,Home,3337592,6.17,Rejected
836,13972,Personal,4784149,11.24,Rejected
837,11997,Education,5577957,8.82,Approved
838,13731,Home,802423,10.56,Approved
839,10632,Personal,7557253,11.66,Rejected
840,10309,Home,1561870,8.22,Approved
841,11142,Education,5001905,11.21,Pending
842,13836,Education,7947083,6.22,Rejected
843,10675,Education,3792635,5.09,Pending
844,11412,Education,696257,11.83,Rejected
845,11500,Home,8866742,11.75,Pending
846,13828,Car,9346097,9.36,Approved
847,12706,Home,4211666,6.02,Approved
848,12781,Education,2000956,6.43,Pending
849,10262,Car,7508212,5.06,Approved
850,10271,Education,1263295,5.22,Pending
851,10940,Home,3758465,7.83,Rejected
852,12932,Education,9012192,7.84,Approved
853,14965,Education,1620172,6.19,Rejected
854,14999,Education,3830576,7.78,Pending
855,12151,Personal,8943207,10.01,Rejected
856,13152,Home,3965544,11.75,Rejected
857,11194,Car,7253555,11.14,Rejected
858,13553,Home,2383724,5.64,Approved
859,13475,Home,9207851,10.36,Rejected
860,11567,Car,9938444,5.89,Pending
861,11175,Education,5594917,9.56,Pending
862,10156,Education,442804,8.56,Rejected
863,11703,Home,6563808,6.53,Rejected
864,11439,Home,152497,5.25,Approved
865,14317,Home,5302645,9.54,Pending
866,12633,Education,4749244,10.06,Approved
867,14437,Home,3508001,10.34,Rejected
868,11689,Personal,4692361,6.21,Pending
869,10173,Car,223634,5.31,Approved
870,12249,Car,4338670,7.52,Approved
871,10947,Home,3851187,6.58,Rejected
872,12520,Home,3386869,7.66,Approved
873,12263,Personal,4759876,5.2,Rejected
874,12352,Education,4484655,5.89,Pending
875,10315,Personal,216278,8.56,Rejected
876,10328,Education,1822110,6.27,Rejected
877,12613,Education,2826272,8.83,Rejected
878,11293,Personal,4713542,10.23,Rejected
879,12357,Personal,5770156,6.21,Pending
880,10192,Home,9487895,10.87,Pending
881,12476,Home,2495368,10.26,Approved
882,11198,Car,437841,9.76,Approved
883,13684,Personal,1015572,7.02,Pending
884,13634,Home,8194544,8.74,Rejected
885,10594,Personal,2819117,5.94,Approved
886,11736,Home,6698665,10.79,Rejected
887,14165,Personal,6950499,5.12,Pending
888,10985,Car,5021183,11.25,Pending
889,14920,Education,6818819,10.52,Approved
890,14221,Personal,5894324,10.7,Approved
891,10462,Car,7694565,9.36,Pending
892,14333,Education,3562370,9.36,Pending
893,11973,Home,5691528,7.53,Approved
894,10024,Personal,9041645,5.21,Approved
895,10164,Home,9410697,11.71,Pending
896,12920,Personal,5309316,8.32,Approved
897,11719,Home,5051142,7.5,Rejected
898,11988,Car,9614408,11.81,Approved
899,14699,Personal,5893199,6.37,Pending
900,14642,Education,510990,9.06,Approved
901,11588,Home,9537254,8.16,Approved
902,10122,Personal,199889,10.75,Rejected
903,12270,Home,3434020,9.12,Approved
904,11857,Car,9015155,7.19,Approved
905,12969,Education,5529144,5.01,Rejected
906,12467,Personal,1178416,9.9,Approved
907,14873,Car,959388,5.81,Approved
908,10073,Education,928738,5.83,Rejected
909,12343,Car,9735222,9.08,Approved
910,10323,Car,9658423,10.97,Rejected
911,13948,Car,1022253,7.86,Approved
912,11407,Car,4167912,8.85,Pending
913,10893,Home,3366759,6.87,Approved
914,13172,Education,7088287,6.01,Rejected
915,11912,Personal,7934181,7.62,Rejected
916,10834,Personal,3240166,9.06,Approved
917,12267,Education,9463773,10.15,Approved
918,11180,Personal,296602,8.52,Rejected
919,13769,Car,105318,10.42,Approved
920,11678,Home,3248601,5.17,Approved
921,11410,Education,680107,9.38,Rejected
922,10042,Car,2366610,8.11,Approved
923,11318,Home,4928604,7.05,Approved
924,10589,Home,6153600,10.63,Approved
925,13613,Personal,6734345,7.89,Pending
926,10645,Personal,9355624,5.44,Rejected
927,11388,Personal,1223144,8.02,Rejected
928,10880,Home,1571742,10.69,Pending
929,12820,Car,5348110,6.91,Approved
930,14997,Car,6705814,11.56,Approved
931,12507,Home,150155,9.94,Approved
932,12381,Car,334327,9.58,Pending
933,13967,Home,3262038,5.59,Approved
934,10683,Education,413346,11.84,Rejected
935,14129,Car,823781,11.46,Rejected
936,12309,Education,3117382,9.99,Rejected
937,13793,Education,7546914,8.18,Pending
938,10780,Home,3843212,6.16,Rejected
939,14977,Personal,147305,7,Rejected
940,11913,Home,329478,9.86,Pending
941,10219,Education,5112419,11.33,Rejected
942,14233,Education,5805688,7.69,Approved
943,13533,Personal,3523584,8.37,Approved
944,11647,Car,7679076,5.66,Pending
945,12960,Home,9045939,6.38,Pending
946,14986,Car,4496522,7.35,Rejected
947,13104,Car,4613291,6.97,Rejected
948,13009,Education,669334,10.27,Rejected
949,11618,Personal,5676028,9.98,Rejected
950,14912,Education,4477875,5.82,Rejected
951,13220,Home,3543377,9.8,Approved
952,12729,Car,594122,8.41,Rejected
953,10683,Personal,1389491,6.07,Approved
954,11978,Home,3413175,11.43,Approved
955,10534,Personal,2483735,10.11,Rejected
956,14038,Car,7982882,11.76,Approved
957,10077,Car,7395230,6.4,Rejected
958,12924,Car,3560517,7.86,Pending
959,12380,Home,6878695,6.29,Approved
960,11723,Home,2384913,9.32,Rejected
961,13674,Education,222472,10.67,Rejected
962,11927,Car,1392614,8.28,Approved
963,13977,Personal,3566719,5.35,Rejected
964,14800,Education,2357789,5.34,Pending
965,12607,Car,940653,9.56,Rejected
966,12798,Home,2667503,8.59,Rejected
967,12685,Car,4299191,9.3,Approved
968,14860,Car,5301233,10.91,Pending
969,11247,Home,4464603,6.61,Pending
970,14992,Car,1685736,11.84,Pending
971,11958,Education,859007,9.04,Rejected
972,14583,Car,6945792,11.76,Rejected
973,12990,Education,9069152,10.3,Rejected
974,14758,Education,7036315,5.32,Approved
975,14979,Personal,4789681,5.82,Pending
976,10824,Education,9262715,8.1,Rejected
977,14794,Home,4348571,8.78,Rejected
978,13409,Car,4080481,6.16,Approved
979,11603,Car,4809002,11.73,Rejected
980,13723,Education,3335674,11.88,Approved
981,11985,Education,7011256,11.87,Rejected
982,14658,Home,4382971,9.37,Pending
983,14271,Home,9416198,7.52,Pending
984,14808,Car,1545308,10.47,Pending
985,10129,Personal,3379274,7.14,Rejected
986,13500,Car,8279784,8.45,Pending
987,10921,Home,6662519,8.44,Approved
988,14879,Car,387747,7.88,Rejected
989,13900,Car,4691469,6.47,Rejected
990,14457,Home,592279,5.15,Pending
991,13677,Home,2045107,6.27,Rejected
992,12335,Home,1453767,10.47,Approved
993,14991,Car,2312492,8.58,Rejected
994,11721,Personal,4678064,5.8,Pending
995,10846,Personal,5769922,6.83,Pending
996,14691,Personal,2602375,7.15,Approved
997,12890,Car,9733117,9.98,Rejected
998,11753,Personal,4554586,8.43,Pending
999,14555,Home,2064408,10.67,Rejected
1000,11860,Personal,3089588,10.41,Pending
1001,13589,Car,9867644,6.99,Pending
1002,11941,Education,3115412,9.47,Rejected
1003,11919,Education,2357581,7.1,Approved
1004,14542,Home,2169180,5.73,Rejected
1005,10636,Home,5149217,11.57,Rejected
1006,13171,Personal,552165,5.99,Pending
1007,12571,Car,1001514,5.12,Pending
1008,11205,Home,330933,9.68,Rejected
1009,14948,Education,480795,9.83,Pending
1010,12147,Personal,3317657,11.06,Rejected
1011,12790,Personal,3245749,10.95,Rejected
1012,14265,Personal,664991,10.38,Approved
1013,11386,Car,7665778,5.33,Rejected
1014,11274,Car,9497838,9.84,Pending
1015,14598,Personal,4622803,10.81,Approved
1016,11456,Personal,5076755,9.84,Pending
1017,13794,Education,2968512,9.36,Pending
1018,13942,Home,7618234,7.54,Approved
1019,11117,Car,319874,6.43,Rejected
1020,14879,Education,4052977,9.05,Approved
1021,10931,Home,262991,8.45,Approved
1022,11787,Education,3119347,9.74,Rejected
1023,12363,Personal,2539671,8.26,Pending
1024,14374,Home,5711025,5.49,Pending
1025,14391,Personal,6984681,10.52,Approved
1026,10297,Education,625645,8.42,Pending
1027,12201,Car,3983034,9.58,Rejected
1028,14132,Car,1174098,8.38,Rejected
1029,11244,Home,7537600,8.79,Approved
1030,14841,Home,126471,9.81,Pending
1031,13626,Car,7176564,7.58,Pending
1032,11060,Personal,6969739,8.16,Rejected
1033,13445,Education,2428273,10.69,Approved
1034,14743,Car,4022736,9.02,Pending
1035,14208,Personal,5467709,8.73,Rejected
1036,10341,Personal,4553145,10.55,Approved
1037,10343,Personal,4815746,6.61,Approved
1038,12057,Home,3585869,7.44,Pending
1039,13729,Home,6172917,9.34,Approved
1040,11484,Education,1621807,8.5,Approved
1041,11635,Personal,2235433,11.33,Pending
1042,12040,Personal,2987664,6.81,Pending
1043,14790,Car,9137203,8.62,Approved
1044,14094,Home,8653544,7.9,Pending
1045,12550,Home,7471148,7.79,Rejected
1046,14216,Home,7764342,8.9,Approved
1047,13078,Personal,485276,7.1,Approved
1048,14564,Car,7559033,10.59,Approved
1049,14693,Car,5075200,8.25,Approved
1050,11909,Personal,6070818,10.68,Pending
1051,13820,Education,5965925,9.77,Rejected
1052,13527,Home,1427610,8.58,Rejected
1053,10404,Home,3038404,10.96,Rejected
1054,12012,Personal,1665914,5.07,Pending
1055,14569,Home,9316543,8.47,Approved
1056,11490,Car,402278,9.96,Approved
1057,13928,Car,6743116,8.49,Rejected
1058,14620,Car,191245,9.74,Pending
1059,14371,Home,9792576,6.41,Rejected
1060,12662,Personal,4593739,6.7,Pending
1061,14376,Personal,9283191,7.17,Rejected
1062,10453,Car,4853851,9.99,Rejected
1063,12094,Personal,2734740,6.49,Rejected
1064,10349,Education,5934797,6.58,Pending
1065,11235,Home,2709771,7.65,Rejected
1066,12297,Personal,5438166,8.69,Rejected
1067,11269,Home,364154,7.78,Approved
1068,11755,Car,1860544,10.82,Approved
1069,10281,Car,2189186,10.58,Pending
1070,12986,Education,3570531,9.77,Rejected
1071,14048,Car,6477387,10.05,Pending
1072,12876,Personal,3969996,10.52,Rejected
1073,12789,Car,3551674,12,Rejected
1074,10764,Car,780316,10.99,Approved
1075,13036,Personal,558318,6.83,Pending
1076,14692,Car,4385111,6.1,Approved
1077,13661,Personal,1609069,8.98,Rejected
1078,10565,Education,8778020,7.48,Pending
1079,10788,Car,2476242,9.64,Rejected
1080,10718,Home,6228361,7.19,Approved
1081,13081,Home,4709958,11.71,Approved
1082,13213,Car,8068117,6.08,Approved
1083,11817,Education,967218,6.43,Rejected
1084,13901,Car,3151837,10.46,Approved
1085,13710,Education,6989567,9.44,Rejected
1086,11480,Car,6004789,10,Approved
1087,13407,Car,2070466,10.88,Pending
1088,11215,Car,2754476,10.85,Approved
1089,10285,Home,576099,8.59,Pending
1090,10371,Car,3234964,6.65,Pending
1091,12265,Education,2842674,7.57,Approved
1092,11499,Car,2139118,5.86,Rejected
1093,10218,Home,2936292,10.99,Pending
1094,13597,Education,54178,8.74,Pending
1095,13881,Education,2572016,11.03,Approved
1096,11359,Personal,963405,8.92,Pending
1097,12767,Car,2281949,5.58,Rejected
1098,13084,Personal,4192453,6.43,Rejected
1099,10046,Car,9428867,11,Approved
1100,13595,Car,940569,6.81,Approved
1101,14806,Car,9501602,10.41,Rejected
1102,12690,Car,103091,5.08,Rejected
1103,12900,Home,9566565,7.68,Approved
1104,10218,Home,2353362,11.6,Approved
1105,10293,Education,8350299,5.57,Approved
1106,10150,Car,8355233,10.53,Rejected
1107,11944,Home,596345,8.56,Rejected
1108,14541,Personal,1008189,8.23,Pending
1109,13972,Home,4489388,5.02,Pending
1110,12691,Personal,683538,9.7,Approved
1111,12899,Personal,7393194,10.42,Pending
1112,10879,Car,2717050,8.72,Pending
1113,14623,Personal,7642538,6.4,Approved
1114,12860,Home,8576446,10.71,Rejected
1115,11360,Education,4003733,9.14,Approved
1116,11561,Education,1708185,11.19,Rejected
1117,11372,Car,754410,7.99,Pending
1118,11235,Home,2811524,10.86,Approved
1119,11020,Home,4922369,5.06,Rejected
1120,11779,Home,5853399,5.76,Pending
1121,14558,Home,7740398,11.81,Rejected
1122,12261,Education,672391,5.47,Approved
1123,12849,Personal,8858244,11.93,Pending
1124,10441,Education,4753589,9.62,Approved
1125,11339,Home,752368,11.7,Rejected
1126,12599,Home,249220,6.44,Approved
1127,13326,Personal,2718209,8.64,Pending
1128,11694,Home,3441619,8.34,Approved
1129,13251,Education,2537959,11.82,Approved
1130,13746,Education,7983243,11.56,Pending
1131,11318,Home,8509856,9.53,Rejected
1132,12737,Car,9184036,8.46,Rejected
1133,11107,Car,359470,7.7,Approved
1134,13095,Car,5069091,6.93,Pending
1135,10374,Personal,4395675,6.37,Pending
1136,12951,Car,9204290,5.52,Approved
1137,13695,Personal,3106807,9.85,Pending
1138,13420,Personal,4741936,11.82,Rejected
1139,13058,Car,4104361,9.43,Approved
1140,14801,Education,4577931,6.07,Rejected
1141,13164,Education,2474688,6.91,Pending
1142,12527,Personal,4153986,9.14,Approved
1143,13328,Home,1111502,10.43,Pending
1144,12508,Home,2187948,10.19,Rejected
1145,11481,Personal,1765292,5.84,Pending
1146,13445,Home,4669656,5.35,Rejected
1147,11357,Car,7456030,7.59,Rejected
1148,14881,Education,683409,11.56,Rejected
1149,10111,Education,2193884,11.96,Approved
1150,11869,Home,7402438,9.92,Approved
1151,14490,Personal,774523,11.62,Pending
1152,12501,Education,3344691,7.87,Pending
1153,13432,Personal,3649497,9.05,Rejected
1154,13555,Education,7275781,10.57,Pending
1155,12739,Home,8110715,11.92,Rejected
1156,14721,Education,5229279,5.9,Pending
1157,13647,Education,1619624,7.05,Pending
1158,11654,Car,2278611,5.2,Approved
1159,14830,Car,172534,10.73,Rejected
1160,11983,Home,8284986,8.29,Pending
1161,14724,Education,1737370,5.51,Pending
1162,13883,Personal,5396804,10.35,Pending
1163,11637,Personal,2446157,9.28,Approved
1164,11641,Personal,3361385,11.18,Pending
1165,12785,Home,1897197,6.47,Pending
1166,14431,Education,206722,6.51,Pending
1167,14906,Personal,4856950,9.46,Pending
1168,10076,Car,8296550,8.68,Pending
1169,14713,Home,2276370,11.51,Rejected
1170,14323,Car,4838110,8.63,Rejected
1171,13970,Home,773337,5.22,Pending
1172,12732,Home,4965849,5.8,Pending
1173,12385,Education,7034534,5.9,Pending
1174,12809,Car,1847375,11.89,Approved
1175,14118,Car,4508521,8.26,Pending
1176,14049,Car,3477579,8.55,Rejected
1177,13152,Car,4379429,6.89,Pending
1178,10314,Home,3840249,6.62,Approved
1179,14769,Home,5031407,6.36,Pending
1180,14790,Home,9499603,6.82,Approved
1181,14595,Home,4276124,11.67,Approved
1182,10870,Home,4947623,10.39,Rejected
1183,10203,Car,941481,9.37,Pending
1184,12915,Home,2356988,6.86,Approved
1185,11539,Personal,456271,11.17,Approved
1186,11788,Personal,333694,7.22,Pending
1187,14492,Personal,4409029,6.99,Pending
1188,10736,Personal,3954213,11.61,Rejected
1189,10785,Personal,393721,7.45,Approved
1190,11317,Home,1378285,8.35,Pending
1191,14235,Personal,3483693,8.26,Pending
1192,13096,Education,3679770,10.52,Approved
1193,14480,Personal,704986,6.84,Pending
1194,12950,Car,828047,7.6,Approved
1195,10441,Home,8460332,6.94,Rejected
1196,10603,Education,6115100,5.43,Rejected
1197,13093,Home,1197222,7.19,Rejected
1198,12358,Home,1636273,9.9,Approved
1199,11634,Car,6114723,9.45,Approved
1200,10280,Education,6385453,7.9,Rejected
1201,13247,Personal,9756769,8.2,Pending
1202,10887,Home,7537747,8.69,Rejected
1203,11324,Car,3535902,6.48,Approved
1204,13051,Home,2182049,9.54,Pending
1205,10247,Home,2405070,8.13,Rejected
1206,14942,Car,8522101,11.54,Approved
1207,13437,Personal,2049566,5.18,Rejected
1208,14372,Education,3913869,6.03,Rejected
1209,10556,Car,9902222,10.24,Approved
1210,11364,Personal,2043044,5.66,Pending
1211,10241,Education,727842,5.07,Pending
1212,10321,Home,3617812,9.4,Rejected
1213,12714,Home,3851744,6.08,Pending
1214,13791,Personal,4488307,11.81,Approved
1215,13042,Education,4722346,5.75,Pending
1216,10205,Education,5562118,8.3,Pending
1217,11925,Home,9308966,8.19,Approved
1218,13486,Education,1329516,7.32,Rejected
1219,13489,Education,553781,9.28,Pending
1220,11207,Car,4248340,5.2,Rejected
1221,10287,Car,6536140,6.67,Approved
1222,11088,Home,5924267,5.45,Rejected
1223,11006,Personal,5382933,6.6,Rejected
1224,10775,Personal,1367400,11.23,Pending
1225,11484,Car,9932975,6.9,Rejected
1226,10414,Car,174719,11.1,Rejected
1227,13794,Education,1004369,6.52,Rejected
1228,12629,Personal,6920170,10.68,Rejected
1229,11382,Personal,8321617,5.2,Approved
1230,13465,Personal,575358,9.84,Rejected
1231,11746,Education,5140779,11.1,Rejected
1232,10739,Home,4560954,10.46,Pending
1233,14975,Home,7216798,8.68,Approved
1234,13389,Car,8126870,10.02,Pending
1235,10732,Car,7853974,6.51,Pending
1236,10299,Home,488610,11.55,Approved
1237,10121,Personal,756964,6.28,Rejected
1238,13669,Home,2172402,8.12,Approved
1239,11531,Personal,9194979,9.83,Approved
1240,10755,Personal,3795258,6.56,Pending
1241,11793,Home,8379831,6.47,Approved
1242,14957,Home,2773349,9.21,Approved
1243,10253,Personal,1363260,6.4,Approved
1244,14523,Personal,8309232,9.83,Rejected
1245,13635,Car,9557613,7.63,Approved
1246,12502,Car,2965783,7.88,Pending
1247,11272,Home,9937996,10.73,Pending
1248,14892,Car,8016445,5.77,Approved
1249,10553,Car,5065599,9.03,Pending
1250,11247,Education,5900795,11.19,Rejected
1251,11146,Home,3607457,8.37,Rejected
1252,10482,Personal,4722352,11.82,Rejected
1253,11712,Personal,3671867,8.67,Rejected
1254,10752,Car,889194,8.76,Pending
1255,14641,Education,635496,8.79,Rejected
1256,12895,Education,4479258,11.83,Approved
1257,13995,Personal,5409433,11.52,Approved
1258,10511,Personal,5609149,9.63,Pending
1259,11877,Education,8793342,5.03,Pending
1260,14238,Home,2592768,6.95,Rejected
1261,13194,Personal,8440029,11.85,Pending
1262,12176,Personal,9860909,10.34,Rejected
1263,13429,Home,7580431,11.8,Approved
1264,14602,Home,2657254,8.93,Rejected
1265,14046,Home,1214678,8.32,Approved
1266,10512,Home,7287588,7.07,Rejected
1267,12573,Education,2723913,11.58,Approved
1268,13313,Education,8558928,5.78,Approved
1269,12795,Personal,3087886,8.13,Rejected
1270,12673,Personal,5044382,8.75,Pending
1271,14905,Car,839989,10.17,Rejected
1272,12654,Education,269628,6.75,Rejected
1273,14349,Personal,5296763,8.79,Rejected
1274,10053,Home,865208,9.46,Pending
1275,14584,Home,3700218,9.65,Pending
1276,11403,Personal,7468380,6.78,Approved
1277,10411,Personal,2848507,9.88,Pending
1278,13099,Education,4869416,8.99,Rejected
1279,11512,Car,6088811,11.24,Pending
1280,13040,Education,8841148,11.92,Approved
1281,13499,Education,263800,8.28,Pending
1282,13531,Car,5497481,5.77,Pending
1283,13416,Personal,348864,5.28,Pending
1284,13132,Home,8516823,7.83,Rejected
1285,13360,Personal,2605767,6.41,Pending
1286,10794,Education,210528,9.66,Pending
1287,14964,Home,8974729,7.35,Approved
1288,12422,Personal,5786908,11.88,Approved
1289,10165,Home,6581104,8.17,Rejected
1290,14061,Education,6242959,11.26,Approved
1291,10278,Home,2409735,8.23,Approved
1292,11867,Home,8966799,9.35,Approved
1293,10160,Personal,999514,10.87,Pending
1294,13666,Home,3485188,12,Approved
1295,13687,Car,2755422,11.43,Approved
1296,13840,Personal,9110404,11.27,Rejected
1297,14630,Personal,1888398,10.57,Approved
1298,12727,Education,2414379,11.29,Pending
1299,12259,Education,6099057,6.99,Approved
1300,11760,Personal,9810590,10.72,Pending
1301,10488,Car,5146292,9.62,Rejected
1302,11790,Personal,2858325,11.77,Approved
1303,13244,Home,3831320,6.47,Rejected
1304,14382,Personal,1859222,5.78,Rejected
1305,12611,Home,1884044,11.3,Approved
1306,11355,Car,6955094,7.1,Approved
1307,12057,Car,3554898,10.95,Pending
1308,13385,Education,222591,11.96,Approved
1309,13446,Personal,4715993,7.91,Pending
1310,11566,Education,5421224,6.56,Rejected
1311,14573,Personal,859266,5.85,Rejected
1312,11096,Personal,9526573,6.87,Approved
1313,14130,Education,5779579,6.64,Approved
1314,10465,Car,1082585,9.33,Rejected
1315,14451,Car,4841367,9.08,Rejected
1316,10650,Personal,604905,8.26,Rejected
1317,13005,Education,949053,7.6,Rejected
1318,11335,Education,877051,10.93,Rejected
1319,11370,Car,500496,6.82,Pending
1320,11757,Home,275367,6.03,Rejected
1321,10804,Education,7307421,9.55,Pending
1322,14937,Education,5490963,6.79,Pending
1323,11213,Car,4081603,7.1,Approved
1324,10927,Home,5270158,11.9,Rejected
1325,10835,Home,1624941,11.92,Pending
1326,12809,Home,9526984,6.51,Approved
1327,11544,Personal,6508705,5.76,Rejected
1328,13506,Personal,403743,7.11,Approved
1329,10417,Home,1190073,6.18,Approved
1330,11723,Home,3772303,11.38,Rejected
1331,10842,Home,1209041,8.93,Pending
1332,12688,Home,4372463,11.72,Rejected
1333,10200,Car,6758392,10.16,Rejected
1334,13543,Car,7666257,10.35,Approved
1335,10774,Car,4752650,10.73,Approved
1336,10604,Education,6369356,10.22,Rejected
1337,10161,Education,4854803,10.28,Rejected
1338,11939,Education,8103921,8.85,Rejected
1339,11844,Car,4080191,11.69,Pending
1340,11665,Education,386971,6.16,Approved
1341,14894,Car,2414287,6.4,Approved
1342,14974,Home,7828293,9.14,Pending
1343,12551,Education,1956587,7.75,Approved
1344,12018,Car,2497970,10.81,Rejected
1345,11579,Car,4389166,11.12,Approved
1346,14784,Car,990988,9.8,Pending
1347,11417,Personal,1402120,9.56,Pending
1348,11575,Car,957525,10,Rejected
1349,14310,Education,875004,6.13,Rejected
1350,13251,Car,4477920,6.96,Rejected
1351,12677,Education,3354822,10.19,Pending
1352,11609,Home,3112279,6.68,Rejected
1353,11619,Car,661736,6.9,Pending
1354,10648,Car,7253315,8.62,Approved
1355,10528,Personal,4530025,9.59,Approved
1356,12373,Home,107608,5.84,Pending
1357,14599,Personal,646058,5.96,Pending
1358,14448,Education,2047910,6.64,Rejected
1359,12026,Personal,6800437,9.49,Rejected
1360,12098,Education,3407120,6.4,Rejected
1361,11532,Personal,4351490,5.43,Pending
1362,12797,Personal,7808202,7.69,Pending
1363,12091,Car,3966188,11.75,Approved
1364,10640,Personal,9545916,9.78,Approved
1365,10314,Personal,5701907,9.79,Pending
1366,13746,Education,6307560,11.57,Approved
1367,12588,Home,1426855,7.95,Rejected
1368,14501,Car,5683982,6.4,Approved
1369,12976,Home,9881859,7.44,Rejected
1370,12014,Education,5462140,10.78,Pending
1371,10818,Education,314356,10.83,Approved
1372,14224,Personal,1364185,11.89,Rejected
1373,12545,Personal,2122522,6.37,Rejected
1374,11488,Home,8337615,11.72,Approved
1375,10195,Personal,5765076,9.23,Rejected
1376,13346,Personal,4759325,10.89,Pending
1377,12560,Education,2746905,6.42,Rejected
1378,11210,Personal,3329181,10.35,Approved
1379,14040,Education,4663214,11.1,Pending
1380,12250,Personal,5171802,10.48,Rejected
1381,11353,Home,984022,6.75,Approved
1382,12771,Car,9032894,7.8,Rejected
1383,10287,Personal,9788959,8.98,Approved
1384,14023,Home,1342615,8.32,Pending
1385,13845,Car,9599215,8.85,Pending
1386,14195,Education,592999,9.92,Rejected
1387,14242,Car,7845172,11.58,Approved
1388,14030,Personal,8898666,9,Pending
1389,10197,Education,582439,8.56,Approved
1390,10775,Car,1817689,10.77,Rejected
1391,14823,Car,3533892,8.98,Pending
1392,11040,Home,4911003,7.17,Rejected
1393,12324,Home,9102021,9.19,Approved
1394,12793,Personal,6759852,10.92,Approved
1395,12286,Personal,9215219,8.1,Approved
1396,11618,Personal,486329,6.1,Pending
1397,13553,Personal,8445527,6.92,Pending
1398,13144,Home,614699,6.52,Pending
1399,13327,Personal,4637600,6.11,Rejected
1400,14427,Home,8692171,11.58,Approved
1401,14200,Car,2760793,11.12,Rejected
1402,13928,Education,796889,10.23,Rejected
1403,13201,Education,8453484,9.86,Rejected
1404,11968,Car,1358326,7.99,Rejected
1405,14101,Car,1468330,6.39,Pending
1406,14775,Personal,4523302,7.41,Rejected
1407,11817,Education,844980,8.89,Rejected
1408,14690,Personal,3169095,10.85,Approved
1409,12263,Personal,9755451,6.38,Pending
1410,13375,Education,8834638,11.22,Rejected
1411,11189,Education,9006177,8.18,Rejected
1412,11356,Car,1282434,5.08,Rejected
1413,14422,Home,7634895,9.55,Rejected
1414,14017,Car,8410593,9.64,Approved
1415,11691,Education,2241356,11.86,Pending
1416,11696,Personal,6720146,10.59,Rejected
1417,11274,Education,1286618,7.44,Rejected
1418,14224,Personal,1626443,6.3,Rejected
1419,12815,Home,1750726,9.42,Pending
1420,12647,Education,3198591,8.63,Rejected
1421,11601,Education,954537,9.19,Approved
1422,13310,Home,6653296,6.79,Rejected
1423,13101,Education,1701936,10.42,Pending
1424,13952,Education,3634404,6.05,Rejected
1425,10969,Home,3137850,6.43,Rejected
1426,12641,Education,2895925,7.87,Rejected
1427,12642,Education,6800736,10.03,Pending
1428,14678,Personal,8428470,6.59,Rejected
1429,10440,Car,3659373,10.93,Pending
1430,13688,Car,7832125,8.24,Approved
1431,12704,Education,6848772,10.62,Pending
1432,12191,Personal,2773847,7.14,Approved
1433,14798,Education,8675193,6.48,Rejected
1434,13037,Education,6027180,8,Approved
1435,13020,Home,1042497,9.9,Pending
1436,14241,Personal,3396118,7.53,Pending
1437,10126,Education,8524712,9.54,Approved
1438,13026,Personal,4619484,9.2,Pending
1439,13922,Home,215045,11.34,Approved
1440,11270,Home,4389884,6.57,Rejected
1441,13522,Education,4876162,11.83,Pending
1442,11044,Education,2025009,7.58,Rejected
1443,11259,Education,9881889,10.94,Pending
1444,11177,Car,8717549,6.48,Rejected
1445,13186,Personal,6071890,8.65,Approved
1446,10689,Home,4681264,9.08,Pending
1447,11535,Car,9886546,9.8,Approved
1448,12178,Personal,1722575,8.76,Rejected
1449,11678,Car,3359252,6.9,Approved
1450,12849,Car,6157496,7.68,Rejected
1451,13190,Home,4056416,10.7,Rejected
1452,14673,Education,606217,6.8,Approved
1453,10908,Education,594806,11.18,Pending
1454,11432,Education,5942235,8.1,Approved
1455,14335,Education,7277206,8.03,Pending
1456,12376,Education,1043778,6.82,Pending
1457,12395,Car,1008467,7.4,Approved
1458,12782,Education,4166523,7.14,Pending
1459,14896,Car,463424,7.52,Rejected
1460,14866,Education,996552,8.9,Pending
1461,13765,Car,4373455,8.11,Approved
1462,11760,Personal,2799428,8.47,Approved
1463,12989,Personal,3158977,10.35,Rejected
1464,13363,Car,701430,10.69,Approved
1465,14560,Car,639128,8.71,Rejected
1466,14178,Home,1274088,5.89,Rejected
1467,12993,Home,2016525,8.19,Approved
1468,11448,Personal,7785483,7.26,Rejected
1469,11124,Car,4518203,5.45,Pending
1470,10634,Education,6458654,11.07,Approved
1471,13588,Education,1084815,5.8,Rejected
1472,14004,Education,9555482,6.47,Pending
1473,13602,Car,4037310,5.08,Rejected
1474,13624,Home,4696425,5.13,Pending
1475,11631,Home,1867104,8.45,Pending
1476,10879,Education,1799171,10.84,Pending
1477,13730,Home,643399,6.17,Rejected
1478,14804,Home,3339513,9.7,Approved
1479,10246,Home,6709569,11.71,Rejected
1480,10331,Car,7375297,11.52,Pending
1481,11788,Personal,501870,7.11,Pending
1482,14220,Home,2868478,6.81,Approved
1483,10734,Car,4779934,6.86,Rejected
1484,12238,Education,1320883,9.43,Approved
1485,13351,Home,8816643,6.98,Approved
1486,11112,Car,3998457,11.67,Rejected
1487,10126,Personal,643166,8.45,Pending
1488,12741,Personal,4479581,7.01,Approved
1489,12764,Car,1061523,9.84,Approved
1490,11325,Car,2581806,5.04,Approved
1491,14208,Education,700205,5.51,Rejected
1492,13244,Car,984804,8.76,Approved
1493,13711,Car,8411259,10.91,Pending
1494,11657,Education,2896883,5.37,Approved
1495,12139,Car,3820327,7.34,Rejected
1496,11692,Car,9473130,7.23,Pending
1497,14318,Home,3612146,7.94,Rejected
1498,12981,Personal,4660413,6.08,Rejected
1499,10855,Education,1895312,11.01,Rejected
1500,12533,Home,6903307,6,Pending
1501,10848,Car,6573185,9.46,Approved
1502,14731,Home,7327777,7.24,Approved
1503,14601,Car,299312,5.7,Approved
1504,12196,Personal,1489452,6.21,Pending
1505,12459,Home,5425880,7.36,Rejected
1506,10591,Home,946217,9.58,Approved
1507,13942,Personal,3917861,5.69,Pending
1508,14805,Personal,8391175,9.37,Pending
1509,12040,Car,4469231,8.31,Rejected
1510,14794,Car,267345,6.67,Rejected
1511,12060,Home,754222,6.8,Pending
1512,13725,Education,5353828,5.75,Approved
1513,10598,Personal,5775781,7.42,Approved
1514,11332,Home,866617,7.53,Approved
1515,11445,Car,1440274,10.83,Pending
1516,10980,Education,7350726,5.41,Rejected
1517,14756,Education,5701567,8.47,Approved
1518,10005,Home,1262374,7.87,Pending
1519,10246,Home,2780827,7.33,Pending
1520,14677,Home,4030534,8.34,Approved
1521,12481,Home,1435274,11.63,Pending
1522,14550,Personal,4753654,9.48,Pending
1523,13198,Education,1002425,10.39,Rejected
1524,10961,Education,5536037,10.06,Approved
1525,14858,Personal,4111275,6.59,Rejected
1526,11039,Car,1647169,7.48,Pending
1527,14642,Personal,452433,8.15,Pending
1528,12482,Education,8953530,9.96,Rejected
1529,10581,Home,647321,11.93,Approved
1530,13614,Personal,8035349,11.67,Pending
1531,14001,Education,3085245,11.42,Rejected
1532,10505,Home,903371,8.37,Pending
1533,11350,Personal,6802931,7.29,Approved
1534,10518,Education,3922581,7.51,Approved
1535,13566,Personal,9211957,9.95,Approved
1536,14329,Education,1268207,5.22,Approved
1537,11654,Education,592752,5.84,Approved
1538,14695,Home,6218220,9.37,Pending
1539,14370,Personal,169922,7.65,Approved
1540,13751,Home,3999101,8.48,Pending
1541,14892,Personal,8512252,10.59,Rejected
1542,12498,Home,1156897,7.19,Pending
1543,13741,Personal,8561851,8.71,Pending
1544,11125,Education,1828747,7.2,Rejected
1545,10223,Education,4194373,11.77,Rejected
1546,11331,Car,8079276,11.13,Pending
1547,13400,Personal,9000911,5.39,Rejected
1548,14813,Personal,3807727,9.07,Rejected
1549,12553,Car,3990768,10.97,Pending
1550,11269,Education,6455728,5.51,Approved
1551,10759,Education,5954689,9.26,Approved
1552,14364,Home,5243119,7.17,Pending
1553,12249,Education,469856,9.85,Rejected
1554,11590,Personal,7552449,9.43,Pending
1555,10549,Education,5345021,7.25,Rejected
1556,14437,Home,6937944,10.27,Rejected
1557,11674,Personal,4707312,11.73,Approved
1558,14714,Car,365134,9.96,Approved
1559,12265,Home,3696588,5.61,Approved
1560,11652,Education,5603187,6.6,Pending
1561,13521,Education,8220386,5.94,Pending
1562,14432,Personal,3228775,10.54,Pending
1563,10120,Car,235922,7.52,Approved
1564,12922,Car,4349843,5.06,Rejected
1565,13066,Personal,503303,6.68,Rejected
1566,13081,Personal,3081972,5.58,Pending
1567,11538,Car,2160506,9.19,Pending
1568,10375,Education,1558808,9.7,Approved
1569,11596,Education,352224,8.67,Rejected
1570,11106,Home,3722810,11.01,Pending
1571,11785,Home,4400779,9.04,Approved
1572,14118,Car,4633661,7.56,Pending
1573,12509,Home,8395487,5.51,Rejected
1574,10469,Car,9291362,9.85,Approved
1575,14994,Personal,1028327,5.5,Rejected
1576,12633,Home,3649486,9.33,Pending
1577,14976,Personal,3335576,6.22,Rejected
1578,10471,Personal,1067805,11.68,Rejected
1579,10269,Car,5546552,11.95,Rejected
1580,11855,Personal,3826565,8.28,Pending
1581,12170,Education,4346812,5.63,Approved
1582,13461,Education,8133719,6.01,Rejected
1583,12107,Car,4515223,5.11,Rejected
1584,11584,Home,1359773,8.11,Pending
1585,12972,Education,1812262,6.01,Pending
1586,11986,Home,1449402,6.91,Pending
1587,14653,Car,1040600,7.1,Rejected
1588,11249,Personal,1494255,8.5,Approved
1589,13273,Personal,2511682,10.34,Pending
1590,10286,Home,589480,9.51,Rejected
1591,14411,Car,6140635,11.52,Pending
1592,14737,Education,3929201,9.18,Pending
1593,11458,Home,1562115,11.57,Approved
1594,11962,Education,5873087,7.53,Pending
1595,12178,Personal,141715,9.93,Rejected
1596,10265,Personal,927040,6.17,Pending
1597,13746,Personal,238337,6.58,Approved
1598,11975,Home,191278,10.91,Approved
1599,12670,Education,3597454,11.75,Approved
1600,13327,Personal,8043180,11.63,Pending
1601,12981,Home,2984028,7.17,Pending
1602,14108,Personal,4581059,11.06,Approved
1603,13339,Home,1655526,7.84,Rejected
1604,11467,Education,485858,9.67,Rejected
1605,12322,Home,839899,7.71,Pending
1606,13845,Personal,9367643,11.95,Approved
1607,11863,Personal,2385981,8.67,Rejected
1608,11285,Education,8140259,6.41,Pending
1609,12624,Home,9868443,7.22,Rejected
1610,13374,Education,4708207,11.13,Rejected
1611,10500,Home,161208,11.17,Pending
1612,12573,Personal,3158253,7.8,Pending
1613,14316,Home,7982895,7.02,Rejected
1614,12130,Car,5152072,8.84,Approved
1615,14738,Education,9044898,7.42,Pending
1616,14066,Home,318982,5.46,Approved
1617,12180,Car,8670531,9.03,Rejected
1618,13270,Education,9010155,8.29,Approved
1619,13764,Car,7455446,11.3,Approved
1620,13729,Personal,4679275,11.93,Rejected
1621,11040,Personal,553735,7.38,Approved
1622,13266,Car,6489549,7.01,Pending
1623,11651,Personal,7618178,8.69,Rejected
1624,13325,Personal,8938546,5.8,Approved
1625,12182,Car,370553,10.71,Rejected
1626,10980,Education,1216341,9.61,Approved
1627,13080,Home,5090059,10.52,Approved
1628,12744,Home,7788393,7,Pending
1629,10138,Education,359196,10.76,Rejected
1630,14495,Car,9866760,7.47,Approved
1631,12564,Education,4544385,10.86,Approved
1632,14984,Home,3440461,7.69,Approved
1633,12200,Home,2692777,5.02,Pending
1634,14404,Personal,8738434,6.26,Rejected
1635,13455,Education,5992243,8.05,Approved
1636,10011,Home,8718949,8.68,Rejected
1637,14032,Education,5310018,5.13,Pending
1638,12340,Car,3982010,5.08,Approved
1639,14024,Home,3642669,11.48,Rejected
1640,13981,Car,8249757,9.75,Rejected
1641,14294,Home,2454153,7.12,Rejected
1642,13728,Car,9161280,8.71,Rejected
1643,13765,Education,4712851,6.24,Pending
1644,11458,Personal,6615053,10.38,Pending
1645,14889,Education,8299692,11.27,Approved
1646,10824,Personal,7104838,11.54,Rejected
1647,12391,Car,3425461,7.61,Rejected
1648,12584,Personal,9116063,10.61,Rejected
1649,12236,Education,5000625,8.5,Rejected
1650,13573,Education,4195756,10.14,Pending
1651,14088,Education,9453438,7.37,Approved
1652,12187,Home,9791688,11.13,Approved
1653,14480,Car,1805913,10.39,Pending
1654,11477,Car,8571285,9.58,Approved
1655,13159,Education,4960872,6.41,Rejected
1656,13675,Car,7405873,9.01,Pending
1657,12704,Home,8022080,11.63,Approved
1658,13448,Home,5471683,5.16,Rejected
1659,14429,Education,1270624,9.48,Rejected
1660,10389,Education,503816,9.88,Approved
1661,14282,Personal,447209,8.5,Rejected
1662,10951,Education,4217755,9.29,Pending
1663,10587,Car,280266,9.71,Pending
1664,13721,Home,2123284,10.09,Rejected
1665,10666,Education,4428185,8.39,Pending
1666,10402,Personal,8460761,11.99,Pending
1667,12794,Personal,5339456,9.64,Pending
1668,12523,Education,2459981,10,Rejected
1669,11442,Education,1613105,9.52,Pending
1670,11056,Car,829649,9.93,Rejected
1671,13654,Personal,2249941,10.67,Rejected
1672,14967,Car,9444808,7.21,Rejected
1673,13682,Car,945127,6.22,Pending
1674,12795,Car,3247127,6.96,Rejected
1675,10971,Home,4209611,10.37,Rejected
1676,12861,Education,8219763,11.14,Pending
1677,14184,Car,3738847,8.25,Approved
1678,13055,Personal,761495,8.45,Rejected
1679,13234,Education,5439812,6.49,Pending
1680,13069,Personal,3405901,7.61,Pending
1681,10556,Home,4772538,7.54,Rejected
1682,10716,Car,1879312,5.95,Approved
1683,14513,Home,386606,10.6,Rejected
1684,12734,Car,5873367,8.35,Approved
1685,14616,Home,3670214,6.41,Approved
1686,11476,Personal,4871062,7.07,Pending
1687,10893,Car,6490910,5.77,Rejected
1688,14375,Education,9162483,5.32,Approved
1689,10627,Car,264982,8.35,Rejected
1690,11087,Car,2508503,5.96,Rejected
1691,13271,Education,855180,8.7,Pending
1692,12415,Car,7430534,10.94,Approved
1693,10116,Car,6425902,9.09,Approved
1694,11421,Personal,4192274,10.25,Rejected
1695,13069,Education,361747,7.74,Approved
1696,14086,Education,172074,6.99,Rejected
1697,11995,Car,4582636,8.13,Rejected
1698,14020,Car,9979151,9.08,Rejected
1699,13595,Personal,430918,10.73,Rejected
1700,14640,Car,6002599,11.33,Pending
1701,14699,Car,7511576,9.85,Rejected
1702,13570,Education,2501069,11.61,Pending
1703,12126,Personal,7474089,9.36,Rejected
1704,14702,Education,903245,10.77,Approved
1705,13912,Personal,2007154,11.81,Approved
1706,10913,Home,4559847,11.66,Rejected
1707,14093,Car,4832327,9.85,Rejected
1708,11304,Education,2465442,8.5,Rejected
1709,14214,Car,2530194,9.14,Rejected
1710,12830,Home,1035969,11.02,Approved
1711,13649,Car,8816143,7.08,Pending
1712,12152,Education,991823,8.07,Rejected
1713,12700,Car,2999643,10.23,Approved
1714,12572,Home,1892580,5.07,Rejected
1715,13363,Car,448042,10.97,Rejected
1716,12340,Personal,4976259,6.26,Approved
1717,11419,Home,8812513,5.6,Rejected
1718,10548,Personal,9931730,6.75,Rejected
1719,14039,Car,732882,8.68,Approved
1720,10335,Education,576391,10.85,Approved
1721,12253,Education,6415648,8,Approved
1722,10671,Home,815295,10.11,Pending
1723,14737,Car,2687933,10.73,Rejected
1724,12033,Car,542519,6.91,Rejected
1725,13738,Personal,7557030,9.07,Approved
1726,14051,Education,183256,10.32,Pending
1727,11697,Home,6854859,11.6,Rejected
1728,12654,Personal,451311,11.66,Approved
1729,10615,Car,3631974,9.51,Approved
1730,13383,Car,2603580,8.37,Approved
1731,11959,Personal,3545065,9.87,Approved
1732,14992,Education,3332379,11.85,Pending
1733,11807,Personal,2158308,5.27,Rejected
1734,14500,Home,893367,5.92,Approved
1735,13209,Personal,6966007,7.19,Pending
1736,14545,Home,3822086,5.24,Rejected
1737,13085,Car,379125,10.35,Rejected
1738,13177,Car,9707261,8.78,Rejected
1739,12063,Home,3991351,7.68,Pending
1740,14052,Car,722875,7.05,Approved
1741,12434,Education,682753,10.36,Approved
1742,14223,Home,9704070,10.59,Pending
1743,13183,Personal,563705,11.64,Approved
1744,12193,Personal,6413788,5.42,Rejected
1745,12046,Personal,8206132,8.41,Pending
1746,12861,Personal,8950632,9.68,Pending
1747,10518,Home,8848075,5.65,Approved
1748,13940,Education,322174,8.76,Approved
1749,14490,Home,5539201,10.33,Pending
1750,11214,Personal,2796864,8.8,Approved
1751,11300,Home,913741,10.69,Approved
1752,11222,Education,8470515,10.99,Rejected
1753,11115,Personal,3614679,8.07,Pending
1754,12367,Car,3740870,8.92,Pending
1755,10414,Car,955638,11.89,Rejected
1756,12409,Education,7314173,8.37,Rejected
1757,11676,Personal,87685,10.97,Pending
1758,13503,Personal,7937576,6.09,Pending
1759,13117,Personal,1585312,7.22,Pending
1760,14053,Home,656825,7.4,Rejected
1761,14396,Personal,437099,5.83,Rejected
1762,11057,Car,9223279,7.23,Approved
1763,12279,Car,2623945,10.15,Rejected
1764,14020,Personal,9950910,10.45,Rejected
1765,12445,Personal,7353879,7.21,Rejected
1766,12784,Car,7211684,7.24,Approved
1767,12823,Home,6047602,9.72,Approved
1768,10400,Home,376043,7.95,Approved
1769,11360,Personal,2648135,10.83,Approved
1770,14681,Home,5077080,7.17,Rejected
1771,12909,Car,509074,6.24,Rejected
1772,14643,Personal,8291618,6.98,Approved
1773,11189,Car,9610723,8.23,Rejected
1774,12223,Home,5806312,10.68,Pending
1775,14909,Personal,985604,7.9,Approved
1776,13679,Personal,4749641,10.17,Pending
1777,14088,Home,2653141,7.85,Pending
1778,11982,Education,574537,7.57,Pending
1779,10614,Education,827047,10.92,Rejected
1780,12889,Home,3962411,11.44,Pending
1781,14213,Car,5261803,9.28,Rejected
1782,10838,Education,9686210,6.51,Rejected
1783,12277,Education,880240,5.9,Rejected
1784,11860,Car,6228726,7.71,Rejected
1785,10514,Car,620059,10.88,Rejected
1786,14416,Education,3303822,9.87,Rejected
1787,11465,Car,9655185,8.06,Approved
1788,13364,Home,556869,10.18,Rejected
1789,11768,Education,358178,8.14,Approved
1790,12704,Car,7770534,6.79,Pending
1791,10103,Home,869759,5.03,Pending
1792,14344,Education,6557787,7.58,Approved
1793,14571,Personal,3686882,7.45,Pending
1794,10309,Car,2202473,7.49,Pending
1795,14110,Education,8102034,6.8,Approved
1796,13101,Personal,4945876,8.17,Rejected
1797,12240,Personal,4761204,5.67,Approved
1798,14654,Car,229959,8.52,Approved
1799,14297,Personal,3884182,11.41,Rejected
1800,13557,Home,7681365,7.23,Approved
1801,12479,Personal,830162,8.01,Approved
1802,11404,Home,110554,5.8,Approved
1803,13654,Car,2601773,5.05,Pending
1804,12763,Home,8955921,9.77,Approved
1805,14584,Education,7414077,6.62,Pending
1806,12734,Car,4195493,7.6,Rejected
1807,13581,Personal,2492271,5.44,Approved
1808,11510,Education,4800279,7.76,Rejected
1809,13474,Education,3958484,8.68,Rejected
1810,12074,Car,689441,8.9,Approved
1811,14463,Home,5586560,8.13,Approved
1812,10797,Car,277346,10.77,Rejected
1813,11955,Car,4710171,5.44,Pending
1814,12491,Home,5091291,5.92,Pending
1815,12523,Home,6318627,10.54,Approved
1816,13082,Education,3891042,7.38,Approved
1817,14412,Education,7026929,8.43,Rejected
1818,13889,Car,828078,9.16,Approved
1819,11671,Car,101737,5.57,Approved
1820,10894,Home,5354784,9.06,Pending
1821,10933,Car,8146622,9.75,Rejected
1822,10796,Home,5999751,9.31,Pending
1823,12835,Education,7779989,11.11,Pending
1824,12315,Home,1276456,7.64,Rejected
1825,10015,Car,3631579,7.1,Rejected
1826,12891,Personal,2175002,8.18,Rejected
1827,11249,Personal,9575527,9.04,Rejected
1828,10853,Home,8550085,8.26,Approved
1829,10346,Car,6017278,11.58,Approved
1830,11020,Car,7092259,7.88,Approved
1831,12163,Car,8685167,8.5,Pending
1832,12310,Home,3879610,9.21,Rejected
1833,13151,Home,9980680,10.48,Pending
1834,10504,Education,631598,8.34,Pending
1835,14153,Education,4296688,7.85,Pending
1836,12865,Personal,2664707,5.52,Approved
1837,12309,Car,2823278,5.38,Pending
1838,10947,Personal,7555856,6.49,Approved
1839,11872,Home,7558949,7.24,Rejected
1840,13182,Home,771756,7.47,Rejected
1841,13443,Car,3759023,10.85,Rejected
1842,13793,Education,7022021,6.2,Approved
1843,12586,Car,7188108,9.64,Pending
1844,14602,Car,4428362,6.97,Rejected
1845,11098,Education,279783,8.47,Rejected
1846,12776,Home,1072099,6.67,Approved
1847,11525,Personal,7232274,11.24,Rejected
1848,10992,Car,7396439,10.59,Pending
1849,13787,Home,2098147,6.92,Pending
1850,10398,Personal,565603,7.59,Pending
1851,11515,Car,5493694,10.33,Pending
1852,13390,Car,6991948,9.07,Approved
1853,12273,Car,282009,7.53,Rejected
1854,13571,Personal,6781274,7.77,Pending
1855,14862,Home,7114295,11.22,Rejected
1856,10261,Education,2964228,11.6,Approved
1857,12758,Personal,5008670,6.71,Pending
1858,14656,Personal,5076664,10.34,Approved
1859,11682,Personal,4405163,9.57,Rejected
1860,12913,Car,74656,9.02,Rejected
1861,11588,Home,1726993,6.96,Approved
1862,10454,Home,818228,8.15,Rejected
1863,14991,Car,180309,11.85,Approved
1864,10850,Personal,1534765,11.16,Rejected
1865,10955,Car,1676622,11.42,Pending
1866,14592,Personal,5695851,8.52,Approved
1867,11794,Home,8154375,8.32,Rejected
1868,11252,Education,496746,8.9,Approved
1869,11375,Home,795628,8.94,Approved
1870,14170,Personal,245257,7.41,Approved
1871,13022,Education,8701318,8.93,Pending
1872,11229,Home,1711750,8.33,Approved
1873,11013,Personal,3952363,9.71,Approved
1874,11425,Personal,2836246,6.95,Rejected
1875,10438,Car,2563173,6.76,Pending
1876,14745,Home,7450918,6.15,Pending
1877,11340,Education,3772477,10.86,Rejected
1878,12929,Education,471973,9.96,Approved
1879,13486,Home,7067173,11.5,Pending
1880,11099,Car,3433528,11.18,Pending
1881,11445,Personal,6304766,9.3,Approved
1882,12763,Car,2721406,7.69,Approved
1883,14371,Car,3236525,11.55,Rejected
1884,10159,Home,4411061,8.92,Rejected
1885,12951,Education,9533808,7.43,Rejected
1886,14940,Car,1190788,11.11,Rejected
1887,12838,Car,1737689,6.55,Rejected
1888,14527,Home,1911424,10.41,Approved
1889,13277,Education,5275529,5.88,Approved
1890,12837,Education,78776,11.43,Approved
1891,11747,Education,269332,9.43,Pending
1892,12467,Home,3324663,7,Approved
1893,13872,Home,4817875,6.51,Pending
1894,11196,Personal,6157823,5.2,Rejected
1895,13866,Home,4344930,5.67,Approved
1896,10085,Home,931447,7.34,Pending
1897,11281,Education,3701963,7.4,Approved
1898,14446,Home,4192640,6.98,Rejected
1899,14774,Personal,894472,5.6,Rejected
1900,14975,Home,6322842,6.95,Rejected
1901,11836,Car,9274307,6.01,Approved
1902,10512,Education,7748955,5.39,Rejected
1903,12283,Car,2109498,9.79,Pending
1904,12192,Car,1170049,10.02,Pending
1905,14559,Home,477758,5.28,Pending
1906,13997,Home,266461,9.97,Approved
1907,14340,Education,967424,10.33,Approved
1908,13028,Personal,4868916,10.96,Approved
1909,13727,Home,5784429,10.27,Approved
1910,14654,Car,937027,8.37,Pending
1911,10616,Personal,933192,5.25,Approved
1912,12583,Education,1356533,9.42,Approved
1913,14724,Home,9253139,9.38,Rejected
1914,13911,Education,9994274,6.25,Pending
1915,13217,Car,330756,10.47,Pending
1916,10064,Car,2050218,8.07,Approved
1917,10549,Car,6333827,6.8,Rejected
1918,12036,Home,2866340,9.87,Rejected
1919,13482,Home,3654056,10.93,Approved
1920,10051,Personal,2397957,9.81,Rejected
1921,14102,Home,4559248,5.91,Rejected
1922,10687,Car,5886499,7.84,Rejected
1923,12923,Personal,1117449,6.15,Approved
1924,13470,Home,6381324,6.66,Pending
1925,10300,Education,1454444,11.69,Pending
1926,12336,Education,765948,6.27,Approved
1927,12035,Home,676712,5.15,Approved
1928,10474,Education,3024749,11.77,Approved
1929,10408,Home,4960998,8.77,Rejected
1930,10053,Personal,144286,9.9,Rejected
1931,13482,Education,1420608,7.24,Approved
1932,10482,Education,3112410,6.12,Approved
1933,11279,Education,5606720,8.91,Rejected
1934,13186,Education,7838995,11.35,Rejected
1935,12983,Education,5291699,7.82,Pending
1936,12864,Personal,8432993,7.35,Pending
1937,13567,Education,2351838,11.77,Pending
1938,10378,Car,8490583,10.29,Rejected
1939,10133,Car,6599926,8.56,Pending
1940,11465,Home,6872482,8.74,Rejected
1941,10631,Education,9829211,11.58,Pending
1942,11445,Education,1605657,10.39,Pending
1943,14927,Car,8665913,8.96,Rejected
1944,10100,Personal,952448,6.43,Approved
1945,10605,Education,8692008,9.34,Pending
1946,10235,Personal,745561,10.43,Approved
1947,10122,Personal,288436,8.43,Pending
1948,12727,Education,5441936,6.33,Pending
1949,11756,Personal,292450,9.53,Pending
1950,12198,Personal,5068013,8.98,Rejected
1951,13982,Car,2584377,5.82,Rejected
1952,12556,Home,1824816,7.39,Approved
1953,11944,Car,503348,5.55,Approved
1954,13672,Education,2167770,9.17,Approved
1955,14424,Home,529914,6.04,Pending
1956,10658,Home,3878442,7.53,Pending
1957,13882,Personal,4109286,10.6,Pending
1958,13902,Education,6446653,7.96,Approved
1959,10716,Personal,8987174,6,Approved
1960,13632,Home,4096096,9.85,Rejected
1961,14614,Home,540274,7.25,Pending
1962,10591,Education,2851329,5.92,Approved
1963,11604,Personal,64166,9.63,Approved
1964,14113,Car,3037225,9.09,Rejected
1965,11351,Car,9560496,7.79,Rejected
1966,14789,Education,5662179,6.41,Approved
1967,10481,Personal,6978285,5.18,Approved
1968,14757,Education,139319,7.81,Rejected
1969,14368,Home,3348967,5.54,Rejected
1970,12371,Home,133050,6.71,Rejected
1971,13327,Education,3094112,11.73,Rejected
1972,14583,Home,3835250,11.7,Rejected
1973,11002,Car,380926,10.72,Rejected
1974,11247,Car,2608554,9.62,Rejected
1975,14882,Education,6633594,8.65,Rejected
1976,12788,Education,141904,7.88,Approved
1977,14996,Car,3143298,7.2,Rejected
1978,13134,Home,1976761,10.03,Approved
1979,10789,Home,9228216,8.38,Pending
1980,12577,Car,7372525,11.48,Approved
1981,10236,Personal,3052119,6.91,Pending
1982,12769,Car,2496937,5.35,Pending
1983,11912,Car,2149807,7.28,Pending
1984,13479,Education,8246494,10.71,Approved
1985,12669,Personal,4563601,7.96,Pending
1986,10583,Car,2805534,5.61,Pending
1987,11807,Car,2609209,6.91,Rejected
1988,12850,Personal,7250650,7.13,Rejected
1989,12688,Car,3918029,5.07,Rejected
1990,11108,Education,2586844,7.47,Approved
1991,12940,Personal,8133261,7.86,Approved
1992,11008,Car,6576725,8.65,Pending
1993,14060,Education,6146927,10.91,Rejected
1994,11064,Personal,9158913,6.58,Rejected
1995,12162,Personal,475181,6.58,Approved
1996,11682,Car,3319495,5.87,Approved
1997,10154,Car,175284,8.94,Approved
1998,12084,Home,4162646,6.12,Pending
1999,14146,Car,3172441,5.76,Approved
2000,13562,Car,1817210,10,Pending
